"Sex";"fakecode";"fakelat";"fakelong";"PatronType";"PatronID";"EMAI/Venue";"EMAI/Third Patry (i.e. Promoter or Partner)";"PHON/Venue";"PHON/Third Patry (i.e. Promoter or Partner)";"POST/Venue";"POST/Third Patry (i.e. Promoter or Partner)";"SMS/Venue";"SMS/Third Patry (i.e. Promoter or Partner)";"SOCI/Venue";"SOCI/Third Patry (i.e. Promoter or Partner)";"TotalPaymentValue"
"C";;;;"Lapsed Booker";"102724";"N";"N";"N";"N";"N";"N";"N";"N";"N";"N";"1456.00"
;"LA2 7LT";"54.1065596";"-2.5083731";"Regular Booker";"3648";"Y";"N";"Y";"N";"Y";"N";"N";"N";"N";"N";"554.40"
"M";"PR3 0TB";"53.882743";"-2.7994458";"Regular Booker";"1002";"Y";"N";"N";"N";"Y";"N";"N";"N";"N";"N";"547.50"
"M";"LA1 5PA";"54.0477115";"-2.8129192";"Active Booker";"2923";"Y";"N";"Y";"N";"Y";"N";"N";"N";"N";"N";"532.50"
;"LA4 4PE";"54.0670876";"-2.8655259";"Active Booker";"5272";"Y";"?";"Y";"?";"Y";"?";"?";"?";"?";"?";"490.00"
"M";;;;"Regular Booker";"2517";"Y";"N";"Y";"N";"Y";"N";"N";"N";"N";"N";"448.00"
;"LA2 9ES";"54.0461848";"-2.7098815";"Active Booker";"5144";"Y";"N";"N";"N";"N";"N";"N";"N";"N";"N";"436.00"
;"LA1 3EY";"54.0504484";"-2.786843";"Active Booker";"1701";"Y";"N";"N";"N";"N";"N";"N";"N";"N";"N";"428.90"
"F";"LA5 0SN";"54.1867024";"-2.8271845";"Active Booker";"3907";"Y";"N";"Y";"N";"Y";"N";"N";"N";"N";"N";"415.70"
;"FY5 3RS";"53.8696679";"-3.0293582";"Active Booker";"102656";"Y";"Y";"N";"N";"Y";"Y";"N";"N";"N";"N";"404.14"
;"LA1 5PA";"54.0477115";"-2.8129192";"Regular Booker";"102246";"Y";"N";"N";"N";"N";"N";"N";"N";"N";"N";"388.80"
"F";"LA2 7LT";"54.1065596";"-2.5083731";"Regular Booker";"4349";"Y";"N";"Y";"N";"Y";"N";"N";"N";"N";"N";"388.80"
;"LA18 4QX";"54.2079118";"-3.2758941";"Active Booker";"105478";"Y";"N";"Y";"N";"Y";"N";"Y";"N";"Y";"N";"385.00"
"M";"LA2 6BQ";"54.0839557";"-2.7861084";"Regular Booker";"2275";"Y";"N";"Y";"N";"Y";"N";"N";"N";"N";"N";"376.00"
;"PR4 3HD";"53.7998213";"-2.8807787";"Regular Booker";"4386";"Y";"N";"Y";"N";"Y";"N";"N";"N";"N";"N";"376.00"
;"LA1 5PA";"54.0477115";"-2.8129192";"Regular Booker";"5319";"Y";"N";"Y";"N";"Y";"N";"N";"N";"N";"N";"376.00"
"M";"PR3 2WD";"53.8518333";"-2.6171869";"Active Booker";"3384";"Y";"N";"Y";"N";"Y";"N";"Y";"N";"N";"N";"371.90"
;"LA1 3EY";"54.0504484";"-2.786843";"Active Booker";"1080";"N";"N";"Y";"N";"Y";"N";"N";"N";"N";"N";"363.20"
"F";"PR3 0TB";"53.882743";"-2.7994458";"Active Booker";"2845";"Y";"N";"Y";"N";"Y";"N";"N";"N";"N";"N";"349.20"
;"PR3 1HZ";"53.9068429";"-2.7624231";"Active Booker";"103752";"Y";"Y";"Y";"N";"Y";"Y";"Y";"N";"Y";"N";"342.98"
;"LA1 5PA";"54.0477115";"-2.8129192";"Regular Booker";"7300";"Y";"N";"N";"N";"Y";"Y";"N";"N";"N";"N";"331.20"
;"LA4 6RN";"54.0741967";"-2.8349795";"Regular Booker";"677";"Y";"N";"Y";"N";"Y";"N";"N";"N";"N";"N";"331.20"
;"LA1 4EP";"54.0322724";"-2.7906442";"Active Booker";"830";"Y";"N";"Y";"N";"Y";"N";"N";"N";"N";"N";"331.20"
;"LA1 4EP";"54.0322724";"-2.7906442";"Regular Booker";"1417";"N";"N";"Y";"N";"Y";"N";"N";"N";"N";"N";"331.20"
;"LA2 6BQ";"54.0839557";"-2.7861084";"Active Booker";"1457";"Y";"N";"Y";"N";"Y";"N";"Y";"N";"Y";"N";"331.20"
"M";"PR2 9WH";"53.7908375";"-2.6979167";"Regular Booker";"1497";"Y";"N";"Y";"N";"Y";"N";"N";"N";"N";"N";"331.20"
;"LA1 4EP";"54.0322724";"-2.7906442";"Regular Booker";"1808";"Y";"N";"Y";"N";"Y";"N";"N";"N";"N";"N";"331.20"
"F";"LA1 3EY";"54.0504484";"-2.786843";"Regular Booker";"3868";"Y";"Y";"N";"N";"N";"N";"N";"N";"N";"N";"331.20"
"M";"LA1 1PS";"54.049537";"-2.7996342";"Active Booker";"102281";"Y";"N";"Y";"N";"Y";"N";"N";"N";"N";"N";"331.20"
;"LA1 1PS";"54.049537";"-2.7996342";"Regular Booker";"100257";"Y";"N";"Y";"N";"Y";"N";"Y";"N";"Y";"N";"331.20"
;"LA1 2NE";"54.0618975";"-2.8037951";"Active Booker";"100530";"Y";"N";"N";"N";"N";"N";"N";"N";"N";"N";"309.00"
;"LA18 5EZ";"54.2285161";"-3.2739597";"Lapsed Booker";"5099";"Y";"N";"Y";"N";"Y";"N";"Y";"N";"Y";"N";"288.00"
"M";"PR2 8EZ";"53.7821337";"-2.6966512";"Active Booker";"105714";"Y";"N";"Y";"N";"Y";"N";"Y";"N";"Y";"N";"282.45"
;"LA1 1PS";"54.049537";"-2.7996342";"Active Booker";"4616";"Y";"N";"Y";"N";"Y";"N";"N";"N";"N";"N";"271.50"
;"DL2 3HE";"54.5650131";"-1.7562969";"Active Booker";"3673";"N";"N";"N";"N";"Y";"Y";"N";"N";"N";"N";"260.45"
;"EX6 8JS";"50.6471074";"-3.477137";"Student";"102957";"Y";"N";"Y";"N";"Y";"N";"Y";"N";"Y";"N";"258.70"
"F";"LA1 5PA";"54.0477115";"-2.8129192";"Active Booker";"100085";"Y";"N";"Y";"N";"Y";"N";"Y";"N";"Y";"N";"258.50"
"M";"LA2 6BQ";"54.0839557";"-2.7861084";"Active Booker";"105405";"N";"N";"N";"N";"Y";"Y";"N";"N";"N";"N";"244.50"
"M";"LA2 6BQ";"54.0839557";"-2.7861084";"Active Booker";"1757";"Y";"N";"N";"N";"N";"N";"N";"N";"N";"N";"233.00"
"C";"L39 2XP";"53.5698769";"-2.8775077";"Student";"101845";"Y";"N";"Y";"N";"N";"N";"Y";"N";"Y";"N";"229.50"
"F";"LA2 9ES";"54.0461848";"-2.7098815";"Regular Booker";"1934";"Y";"Y";"N";"N";"N";"N";"N";"N";"N";"N";"225.60"
"M";"LA1 1PS";"54.049537";"-2.7996342";"Active Booker";"100127";"Y";"N";"Y";"N";"Y";"N";"Y";"N";"N";"N";"224.55"
"M";"LA12 8JL";"54.2719639";"-3.0164124";"Student";"100630";"N";"N";"N";"N";"Y";"N";"N";"N";"N";"N";"216.30"
"F";"LA1 3EY";"54.0504484";"-2.786843";"Active Booker";"5185";"Y";"N";"Y";"N";"Y";"N";"Y";"N";"Y";"N";"202.50"
"M";;;;"Regular Booker";"2863";"Y";"N";"Y";"N";"Y";"N";"N";"N";"N";"N";"194.40"
"F";"PR3 0TB";"53.882743";"-2.7994458";"Regular Booker";"6873";"Y";"N";"Y";"N";"Y";"N";"Y";"N";"Y";"N";"189.78"
"M";"PR4 5YT";"53.7262091";"-2.7807909";"Regular Booker";"7282";"Y";"N";"Y";"N";"Y";"N";"N";"N";"N";"N";"188.00"
"M";"PR4 2BU";"53.7819528";"-2.8828197";"Regular Booker";"2859";"N";"N";"Y";"N";"Y";"N";"N";"N";"N";"N";"188.00"
"F";"LA1 5PA";"54.0477115";"-2.8129192";"Regular Booker";"4906";"N";"N";"Y";"N";"Y";"N";"N";"N";"N";"N";"188.00"
"M";"LA4 5PU";"54.0725914";"-2.8542724";"Active Booker";"310";"Y";"Y";"Y";"N";"Y";"Y";"N";"N";"N";"N";"186.80"
"M";"BB18 5AF";"53.9155513";"-2.1869049";"Regular Booker";"103772";"N";"N";"N";"N";"Y";"N";"N";"N";"N";"N";"176.80"
"F";"LA2 6BQ";"54.0839557";"-2.7861084";"Lapsed Booker";"101793";"Y";"N";"Y";"N";"Y";"N";"Y";"N";"Y";"N";"171.50"
"F";"LA2 7LT";"54.1065596";"-2.5083731";"Active Booker";"100262";"Y";"N";"Y";"N";"Y";"N";"N";"N";"N";"N";"165.60"
"M";"LA6 2BB";"54.205825";"-2.5969083";"Regular Booker";"140";"N";"N";"N";"N";"Y";"Y";"N";"N";"N";"N";"165.60"
"M";"LA1 4EP";"54.0322724";"-2.7906442";"Regular Booker";"584";"Y";"N";"Y";"N";"Y";"N";"N";"N";"N";"N";"165.60"
;"LA4 6RN";"54.0741967";"-2.8349795";"Regular Booker";"1758";"Y";"N";"N";"N";"Y";"N";"N";"N";"N";"N";"165.60"
;"LA2 6BQ";"54.0839557";"-2.7861084";"Regular Booker";"100358";"Y";"N";"Y";"N";"Y";"N";"N";"N";"N";"N";"165.60"
"F";"LA2 7LT";"54.1065596";"-2.5083731";"Regular Booker";"100256";"Y";"Y";"Y";"N";"Y";"N";"N";"N";"N";"N";"165.60"
"F";"LA2 9ES";"54.0461848";"-2.7098815";"Regular Booker";"4899";"Y";"N";"Y";"N";"Y";"N";"N";"N";"N";"N";"165.60"
"F";"LA6 2BB";"54.205825";"-2.5969083";"Regular Booker";"100226";"Y";"Y";"N";"N";"N";"N";"N";"N";"N";"N";"165.60"
;"LA2 0NU";"53.9922216";"-2.7988144";"Student";"2736";"Y";"N";"Y";"N";"Y";"N";"N";"N";"N";"N";"163.00"
"C";;;;"Lapsed Booker";"102982";"Y";"N";"Y";"N";"Y";"N";"Y";"N";"Y";"N";"158.00"
;"LA22 0JP";"54.4008343";"-2.9735543";"Active Booker";"103787";"Y";"N";"N";"N";"N";"N";"N";"N";"N";"N";"154.50"
"F";"LA8 0LX";"54.2924085";"-2.6926972";"Active Booker";"105410";"N";"N";"N";"N";"Y";"Y";"N";"N";"N";"N";"152.60"
;"PR3 0TB";"53.882743";"-2.7994458";"Active Booker";"103045";"N";"N";"N";"N";"Y";"N";"N";"N";"N";"N";"151.92"
;;;;"Regular Booker";"103729";"N";"N";"N";"N";"N";"N";"N";"N";"N";"N";"150.00"
"F";"BL1 4BW";"53.5826165";"-2.4486602";"Lapsed Booker";"102458";"Y";"N";"Y";"N";"Y";"N";"Y";"N";"Y";"N";"146.50"
"M";"LA7 7TZ";"54.2266742";"-2.7724253";"Regular Booker";"100426";"N";"N";"N";"N";"Y";"N";"N";"N";"N";"N";"146.20"
"M";"PR3 1HZ";"53.9068429";"-2.7624231";"Active Booker";"103092";"Y";"N";"Y";"N";"Y";"N";"N";"N";"N";"N";"144.50"
;"FY8 4JX";"53.7483923";"-2.9761462";"Regular Booker";"100593";"Y";"N";"Y";"N";"Y";"N";"N";"N";"N";"N";"142.88"
"M";"LA1 4EP";"54.0322724";"-2.7906442";"Regular Booker";"103780";"Y";"N";"N";"N";"Y";"N";"N";"N";"N";"N";"141.00"
;;;;"Lapsed Booker";"102559";"Y";"N";"Y";"N";"Y";"N";"N";"N";"N";"N";"140.00"
;"LA5 9HG";"54.1378168";"-2.7678132";"Active Booker";"103769";"Y";"N";"Y";"N";"Y";"N";"N";"N";"N";"N";"140.00"
"M";"PR1 2HD";"53.7609091";"-2.7027934";"Student";"1658";"Y";"N";"Y";"N";"Y";"N";"N";"N";"N";"N";"139.00"
;"LA4 6RN";"54.0741967";"-2.8349795";"Active Booker";"905";"Y";"?";"Y";"?";"Y";"?";"Y";"?";"Y";"?";"138.50"
;"LA6 2BB";"54.205825";"-2.5969083";"Regular Booker";"103785";"Y";"N";"Y";"N";"Y";"N";"Y";"N";"Y";"N";"128.50"
"M";"LA1 3EY";"54.0504484";"-2.786843";"Active Booker";"105392";"N";"N";"N";"N";"Y";"N";"N";"N";"N";"N";"123.60"
;"LA2 7LT";"54.1065596";"-2.5083731";"Active Booker";"1387";"Y";"?";"Y";"?";"Y";"?";"?";"?";"?";"?";"123.50"
;"PR4 3HD";"53.7998213";"-2.8807787";"Active Booker";"105025";"Y";"Y";"Y";"N";"Y";"N";"Y";"N";"Y";"N";"122.50"
"F";"FY6 8HP";"53.8400329";"-2.9789737";"Lapsed Booker";"102794";"Y";"N";"N";"N";"N";"N";"N";"N";"N";"N";"122.00"
"F";"LA2 0NU";"53.9922216";"-2.7988144";"Active Booker";"105937";"Y";"N";"Y";"N";"Y";"N";"Y";"N";"Y";"N";"122.00"
;"LA8 8AX";"54.2983918";"-2.8113626";"Regular Booker";"101250";"Y";"N";"N";"N";"N";"N";"N";"N";"N";"N";"121.00"
"M";"LA1 5PA";"54.0477115";"-2.8129192";"Active Booker";"105484";"Y";"Y";"N";"N";"Y";"N";"N";"N";"N";"N";"120.88"
;;;;"Regular Booker";"103728";"N";"N";"N";"N";"N";"N";"N";"N";"N";"N";"120.00"
"M";"BB1 9QA";"53.7805183";"-2.4781257";"Active Booker";"1805";"Y";"N";"N";"N";"Y";"N";"N";"N";"N";"N";"120.00"
;;;;"Regular Booker";"103727";"N";"N";"N";"N";"N";"N";"N";"N";"N";"N";"120.00"
;"LA6 2BB";"54.205825";"-2.5969083";"Student";"1493";"Y";"?";"Y";"?";"Y";"?";"?";"?";"?";"?";"119.00"
"F";"L37 4AJ";"53.5545579";"-3.0578211";"Regular Booker";"103771";"Y";"N";"N";"N";"N";"N";"N";"N";"Y";"N";"119.00"
;"BA12 9HS";"51.2019133";"-2.1726071";"Active Booker";"100542";"N";"N";"N";"N";"N";"N";"N";"N";"N";"N";"118.00"
"M";"BB7 2DU";"53.8736387";"-2.3959476";"Student";"3117";"Y";"?";"Y";"?";"Y";"?";"?";"?";"?";"?";"117.00"
"F";"LA1 4EP";"54.0322724";"-2.7906442";"Active Booker";"1772";"Y";"N";"N";"N";"Y";"N";"N";"N";"N";"N";"116.80"
;"LA1 3EY";"54.0504484";"-2.786843";"Active Booker";"100393";"Y";"N";"N";"N";"N";"N";"Y";"N";"N";"N";"116.00"
;"LA1 4EP";"54.0322724";"-2.7906442";"Active Booker";"697";"Y";"N";"N";"N";"Y";"N";"N";"N";"N";"N";"114.00"
;"LA1 5PA";"54.0477115";"-2.8129192";"Active Booker";"5095";"Y";"N";"N";"N";"Y";"N";"N";"N";"N";"N";"114.00"
"F";"LA6 2BB";"54.205825";"-2.5969083";"Active Booker";"629";"Y";"N";"N";"N";"Y";"N";"N";"N";"N";"N";"112.20"
"F";"LA2 7LT";"54.1065596";"-2.5083731";"Regular Booker";"100444";"N";"N";"N";"N";"N";"N";"N";"N";"N";"N";"111.60"
"F";"LA2 7LT";"54.1065596";"-2.5083731";"Student";"965";"Y";"N";"N";"N";"Y";"N";"N";"N";"N";"N";"111.00"
;"LA4 6RN";"54.0741967";"-2.8349795";"Active Booker";"1130";"N";"N";"N";"N";"Y";"N";"N";"N";"N";"N";"110.00"
;"LA5 0SN";"54.1867024";"-2.8271845";"Active Booker";"5335";"Y";"?";"Y";"?";"Y";"?";"?";"?";"?";"?";"108.50"
"M";;;;"Active Booker";"2679";"Y";"N";"Y";"N";"Y";"N";"Y";"N";"Y";"N";"107.50"
"M";"PR3 0TB";"53.882743";"-2.7994458";"Student";"621";"Y";"N";"N";"N";"Y";"N";"N";"N";"N";"N";"105.20"
;"LA1 5PA";"54.0477115";"-2.8129192";"Active Booker";"104945";"Y";"N";"Y";"N";"Y";"N";"Y";"N";"Y";"N";"104.45"
"F";"PR3 1HZ";"53.9068429";"-2.7624231";"Active Booker";"52";"Y";"N";"N";"N";"Y";"N";"N";"N";"N";"N";"103.10"
"M";"LA1 5PA";"54.0477115";"-2.8129192";"Student";"105730";"Y";"N";"N";"N";"N";"N";"N";"N";"N";"N";"100.50"
"M";"LA1 4EP";"54.0322724";"-2.7906442";"Active Booker";"104871";"Y";"Y";"N";"N";"N";"N";"N";"N";"N";"N";"98.93"
;"LA2 6BQ";"54.0839557";"-2.7861084";"Regular Booker";"102992";"Y";"N";"N";"N";"Y";"N";"N";"N";"Y";"N";"98.50"
"F";"HD2 2PH";"53.666289";"-1.7923555";"Student";"100244";"Y";"N";"N";"N";"N";"N";"N";"N";"N";"N";"98.00"
;"CA17 4AP";"54.4806058";"-2.350024";"Active Booker";"103100";"N";"N";"N";"N";"Y";"Y";"N";"N";"N";"N";"97.00"
;"LA2 6BQ";"54.0839557";"-2.7861084";"Lapsed Booker";"5293";"Y";"?";"N";"?";"Y";"?";"?";"?";"?";"?";"96.08"
;;;;"Active Booker";"105019";"Y";"N";"Y";"N";"Y";"N";"Y";"N";"Y";"N";"95.00"
;"PR3 1HZ";"53.9068429";"-2.7624231";"Active Booker";"102714";"Y";"N";"N";"N";"Y";"N";"N";"N";"N";"N";"95.00"
;"LA1 4EP";"54.0322724";"-2.7906442";"Active Booker";"103685";"Y";"N";"Y";"N";"N";"N";"Y";"N";"Y";"N";"94.00"
"M";"LA7 7TZ";"54.2266742";"-2.7724253";"Regular Booker";"100428";"Y";"N";"N";"N";"N";"N";"N";"N";"N";"N";"93.84"
"F";"LA1 3EY";"54.0504484";"-2.786843";"Student";"103730";"Y";"N";"N";"N";"Y";"N";"Y";"N";"Y";"N";"93.00"
"F";;;;"Lapsed Booker";"102681";"Y";"N";"Y";"N";"Y";"N";"Y";"N";"Y";"N";"93.00"
;"LA7 7TZ";"54.2266742";"-2.7724253";"Active Booker";"104985";"N";"N";"N";"N";"N";"N";"N";"N";"N";"N";"91.00"
;"PR2 6BH";"53.7781575";"-2.6613736";"Student";"104305";"Y";"N";"Y";"N";"Y";"N";"Y";"N";"Y";"N";"90.00"
"F";"LA2 6BQ";"54.0839557";"-2.7861084";"Lapsed Booker";"102747";"N";"N";"N";"N";"N";"N";"N";"N";"N";"N";"89.50"
;"PR2 6BH";"53.7781575";"-2.6613736";"Active Booker";"105267";"Y";"N";"Y";"N";"Y";"N";"Y";"N";"Y";"N";"88.50"
;"LA6 2BB";"54.205825";"-2.5969083";"Active Booker";"102863";"Y";"N";"N";"N";"N";"N";"N";"N";"N";"N";"88.23"
"M";"CH64 0UJ";"53.2802727";"-3.0612121";"Lapsed Booker";"103115";"Y";"N";"N";"N";"Y";"N";"N";"N";"N";"N";"88.00"
;"LA6 1JG";"54.1631271";"-2.7247161";"Active Booker";"1947";"Y";"N";"Y";"N";"Y";"N";"N";"N";"N";"N";"88.00"
"F";"LA1 4EP";"54.0322724";"-2.7906442";"Lapsed Booker";"102564";"N";"N";"N";"N";"N";"N";"N";"N";"N";"N";"88.00"
"F";"LA1 3EY";"54.0504484";"-2.786843";"Active Booker";"7269";"N";"N";"N";"N";"Y";"N";"N";"N";"N";"N";"87.30"
;"FY8 2HE";"53.7604711";"-3.0334622";"Active Booker";"101262";"Y";"N";"Y";"N";"Y";"N";"N";"N";"N";"N";"87.00"
"M";"LA6 1JG";"54.1631271";"-2.7247161";"Regular Booker";"4180";"N";"Y";"N";"N";"Y";"Y";"N";"N";"N";"N";"87.00"
;"LA1 4EP";"54.0322724";"-2.7906442";"Active Booker";"5416";"Y";"N";"N";"N";"N";"N";"N";"N";"N";"N";"86.90"
;"LA2 9ES";"54.0461848";"-2.7098815";"Active Booker";"4689";"Y";"?";"Y";"?";"Y";"?";"?";"?";"?";"?";"86.00"
"F";;;;"Lapsed Booker";"102788";"Y";"N";"N";"N";"N";"N";"N";"N";"N";"N";"86.00"
"M";"LA2 9ES";"54.0461848";"-2.7098815";"Active Booker";"102479";"Y";"N";"N";"N";"Y";"N";"N";"N";"N";"N";"85.00"
"F";"LA1 1PS";"54.049537";"-2.7996342";"Student";"104967";"Y";"N";"Y";"N";"Y";"Y";"N";"N";"N";"N";"83.00"
"M";"LA4 6RN";"54.0741967";"-2.8349795";"Active Booker";"4104";"Y";"N";"N";"N";"Y";"N";"N";"N";"N";"N";"81.64"
"M";"PR3 2YG";"53.8285086";"-2.591444";"Active Booker";"105416";"Y";"N";"Y";"N";"Y";"N";"N";"N";"N";"N";"81.50"
;"LA2 6BQ";"54.0839557";"-2.7861084";"Active Booker";"5493";"N";"?";"N";"?";"N";"?";"?";"?";"?";"?";"81.00"
;"LA1 3EY";"54.0504484";"-2.786843";"Regular Booker";"527";"Y";"Y";"Y";"Y";"Y";"Y";"N";"Y";"N";"Y";"80.75"
"M";"LA1 4EP";"54.0322724";"-2.7906442";"Lapsed Booker";"102044";"N";"N";"N";"N";"N";"N";"N";"N";"N";"N";"80.03"
"M";"LS24 9DA";"53.8595164";"-1.255";"Student";"104257";"Y";"Y";"N";"N";"Y";"N";"N";"N";"Y";"N";"79.00"
"F";"LA8 8AX";"54.2983918";"-2.8113626";"Active Booker";"103795";"Y";"N";"Y";"N";"Y";"N";"N";"N";"N";"N";"78.00"
"F";"LA1 4EP";"54.0322724";"-2.7906442";"Active Booker";"105397";"Y";"N";"N";"N";"Y";"N";"N";"N";"Y";"N";"78.00"
;"BR2 9JF";"51.395692";"0.02621519";"Student";"103041";"Y";"N";"N";"N";"Y";"N";"N";"N";"Y";"N";"77.00"
"F";"LA11 7RA";"54.1848925";"-2.9421963";"Regular Booker";"103766";"Y";"N";"Y";"N";"Y";"N";"N";"N";"N";"N";"77.00"
"F";"LA1 1PS";"54.049537";"-2.7996342";"Student";"105273";"Y";"N";"N";"N";"N";"N";"N";"N";"Y";"N";"76.50"
"M";"LA5 0SN";"54.1867024";"-2.8271845";"Active Booker";"105408";"N";"N";"N";"N";"Y";"N";"N";"N";"N";"N";"76.00"
"F";"LA1 3EY";"54.0504484";"-2.786843";"Student";"105928";"N";"N";"N";"N";"N";"N";"N";"N";"N";"N";"76.00"
;"BB4 4HH";"53.6927";"-2.3294842";"Regular Booker";"102473";"Y";"N";"N";"N";"N";"N";"N";"N";"N";"N";"76.00"
;"LA1 3EY";"54.0504484";"-2.786843";"Student";"101772";"Y";"N";"Y";"N";"Y";"N";"Y";"N";"Y";"N";"76.00"
"F";;;;"Regular Booker";"100087";"Y";"N";"Y";"N";"Y";"N";"Y";"N";"Y";"N";"75.80"
"M";"LA1 3EY";"54.0504484";"-2.786843";"Regular Booker";"102574";"Y";"N";"N";"N";"N";"N";"N";"N";"N";"N";"75.00"
"M";"LA2 6BQ";"54.0839557";"-2.7861084";"Active Booker";"105404";"Y";"N";"N";"N";"Y";"N";"N";"N";"N";"N";"74.50"
"M";"LA1 5PA";"54.0477115";"-2.8129192";"Active Booker";"425";"Y";"Y";"N";"?";"N";"?";"?";"?";"?";"?";"74.40"
;"LA2 6BQ";"54.0839557";"-2.7861084";"Student";"2785";"Y";"N";"Y";"N";"Y";"N";"Y";"N";"Y";"N";"74.10"
"F";"LA2 0NU";"53.9922216";"-2.7988144";"Lapsed Booker";"102140";"Y";"Y";"N";"N";"N";"N";"N";"N";"Y";"N";"74.00"
;"LA6 1JG";"54.1631271";"-2.7247161";"Active Booker";"764";"Y";"N";"Y";"N";"Y";"N";"Y";"N";"Y";"N";"73.50"
;;;;"Student";"104940";"Y";"N";"Y";"N";"Y";"N";"Y";"N";"Y";"N";"73.00"
;"LA7 7TZ";"54.2266742";"-2.7724253";"Regular Booker";"1685";"N";"N";"N";"N";"Y";"N";"N";"N";"N";"N";"72.00"
;"LA2 0NU";"53.9922216";"-2.7988144";"Lapsed Booker";"101080";"Y";"N";"Y";"N";"N";"N";"Y";"N";"Y";"N";"72.00"
"M";;;;"Student";"105261";"Y";"N";"Y";"N";"Y";"N";"Y";"N";"Y";"N";"71.50"
;"LA1 4EP";"54.0322724";"-2.7906442";"Active Booker";"105032";"Y";"N";"N";"N";"Y";"N";"N";"N";"N";"N";"71.00"
;;;;"Student";"104270";"Y";"N";"N";"N";"N";"N";"Y";"N";"Y";"N";"70.50"
"M";"LA5 9HG";"54.1378168";"-2.7678132";"Regular Booker";"102388";"Y";"N";"N";"N";"Y";"N";"N";"N";"N";"N";"70.36"
"F";"GL50 4RN";"51.9107477";"-2.0773303";"Student";"104970";"N";"N";"N";"N";"N";"N";"N";"N";"N";"N";"70.00"
"M";"RM7 0JU";"51.5660769";"0.17496703";"Student";"104251";"Y";"N";"N";"N";"N";"N";"N";"N";"N";"N";"70.00"
;"LA1 1PS";"54.049537";"-2.7996342";"Active Booker";"102676";"Y";"N";"N";"N";"N";"N";"N";"N";"N";"N";"70.00"
;"LA3 3ES";"54.0474118";"-2.8564615";"Lapsed Booker";"102854";"Y";"Y";"N";"N";"Y";"Y";"N";"N";"N";"N";"69.50"
;"LA6 2BB";"54.205825";"-2.5969083";"Lapsed Booker";"2841";"Y";"N";"Y";"N";"Y";"N";"Y";"N";"Y";"N";"69.50"
"F";"LA5 9HG";"54.1378168";"-2.7678132";"Lapsed Booker";"100640";"Y";"N";"N";"N";"Y";"N";"N";"N";"N";"N";"68.40"
"F";"LA1 4EP";"54.0322724";"-2.7906442";"Student";"105398";"Y";"N";"Y";"N";"Y";"N";"Y";"Y";"Y";"N";"68.10"
"M";"LA2 6BQ";"54.0839557";"-2.7861084";"Active Booker";"4330";"Y";"?";"Y";"?";"Y";"?";"?";"?";"?";"?";"68.00"
"M";"PR2 9WH";"53.7908375";"-2.6979167";"Active Booker";"365";"Y";"?";"Y";"?";"Y";"?";"?";"?";"?";"?";"67.00"
;"PR3 1HZ";"53.9068429";"-2.7624231";"Active Booker";"650";"N";"N";"N";"N";"Y";"N";"N";"N";"Y";"N";"67.00"
"M";"LA1 3EY";"54.0504484";"-2.786843";"Active Booker";"102542";"Y";"N";"N";"N";"Y";"N";"N";"N";"N";"N";"67.00"
;"BB8 9JQ";"53.8585543";"-2.1637257";"Active Booker";"104269";"Y";"N";"N";"N";"Y";"N";"N";"N";"Y";"N";"67.00"
;"LA4 6RN";"54.0741967";"-2.8349795";"Active Booker";"104833";"Y";"N";"N";"N";"N";"N";"N";"N";"N";"N";"67.00"
;"LA1 1PS";"54.049537";"-2.7996342";"Active Booker";"105230";"Y";"N";"Y";"N";"Y";"N";"Y";"N";"Y";"N";"66.50"
;"BL6 4AB";"53.5776912";"-2.5062843";"Student";"105126";"Y";"N";"N";"N";"N";"N";"Y";"N";"Y";"N";"66.50"
;"LA1 1PS";"54.049537";"-2.7996342";"Lapsed Booker";"102560";"N";"N";"N";"N";"N";"N";"N";"N";"N";"N";"66.00"
;"LA1 1PS";"54.049537";"-2.7996342";"Lapsed Booker";"102020";"Y";"Y";"Y";"N";"Y";"N";"Y";"N";"Y";"N";"66.00"
"F";"LA1 3EY";"54.0504484";"-2.786843";"Active Booker";"104889";"Y";"N";"N";"N";"N";"N";"N";"N";"N";"N";"65.60"
"M";"LA1 4EP";"54.0322724";"-2.7906442";"Student";"104657";"Y";"Y";"N";"N";"Y";"N";"N";"N";"Y";"N";"65.00"
"F";"BB11 2HN";"53.7839618";"-2.2437834";"Student";"104349";"Y";"Y";"Y";"N";"N";"N";"Y";"N";"N";"N";"65.00"
"F";"LA1 4EP";"54.0322724";"-2.7906442";"Student";"104363";"Y";"N";"N";"N";"N";"N";"N";"N";"Y";"N";"65.00"
"M";"IP7 6LH";"52.0631787";"0.95178744";"Student";"104284";"N";"N";"Y";"N";"N";"N";"Y";"N";"N";"N";"65.00"
;"LA1 3EY";"54.0504484";"-2.786843";"Student";"105275";"N";"N";"N";"N";"N";"N";"N";"N";"N";"N";"65.00"
"F";"LA2 0NU";"53.9922216";"-2.7988144";"Regular Booker";"103788";"Y";"Y";"Y";"N";"Y";"N";"Y";"N";"Y";"N";"64.50"
;"LA1 1PS";"54.049537";"-2.7996342";"Active Booker";"102489";"Y";"N";"Y";"N";"N";"N";"N";"N";"N";"N";"64.50"
"M";"LA1 1PS";"54.049537";"-2.7996342";"Lapsed Booker";"102484";"Y";"Y";"N";"N";"Y";"Y";"N";"N";"N";"N";"64.00"
;"LS14 3HD";"53.861288";"-1.43752";"Active Booker";"102240";"Y";"N";"N";"N";"N";"N";"N";"N";"N";"N";"64.00"
"F";"LA2 7HX";"54.1170974";"-2.5192143";"Active Booker";"102161";"Y";"N";"Y";"N";"Y";"Y";"N";"N";"N";"N";"63.30"
;"LA1 4EP";"54.0322724";"-2.7906442";"Student";"105039";"Y";"N";"N";"N";"N";"N";"N";"N";"N";"N";"63.00"
"C";;;;"Active Booker";"105477";"Y";"N";"Y";"N";"Y";"N";"Y";"N";"Y";"N";"63.00"
"M";"LA1 4EP";"54.0322724";"-2.7906442";"Lapsed Booker";"102523";"Y";"N";"Y";"N";"Y";"Y";"N";"N";"N";"N";"63.00"
;"ST9 9DN";"53.0746776";"-2.1081858";"Student";"104267";"Y";"N";"N";"N";"N";"N";"N";"N";"N";"N";"63.00"
;"LA1 3EY";"54.0504484";"-2.786843";"Student";"104977";"N";"N";"N";"N";"N";"N";"N";"N";"N";"N";"62.40"
;"LA1 3EY";"54.0504484";"-2.786843";"Lapsed Booker";"2281";"Y";"?";"Y";"?";"Y";"?";"?";"?";"?";"?";"62.00"
;"PR2 8EZ";"53.7821337";"-2.6966512";"Active Booker";"105050";"Y";"N";"Y";"N";"Y";"N";"Y";"N";"Y";"N";"62.00"
;"LA12 8JL";"54.2719639";"-3.0164124";"Active Booker";"102615";"Y";"N";"Y";"N";"Y";"N";"Y";"N";"N";"N";"61.60"
